id,created_at,title,body,image,username,subreddit_id
1,2023-08-01 23:28:29.020+00,Harum totam dolores eveniet ducimus enim veniam exercitationem enim.,"Ut ea rerum. Molestias commodi illum tenetur reprehenderit culpa provident sed. Voluptatem qui et aut placeat sequi voluptatem aut illum placeat.
 Officiis et aliquam ut. Optio et est quis autem esse et molestiae aliquam. Sint maiores exercitationem dolorem qui qui inventore et. Velit unde soluta debitis esse ducimus aperiam et earum atque. Qui aut sit reiciendis quis dolor non.
 Similique vel voluptatem. Et deserunt sit quisquam aut. Reprehenderit voluptas quo. Dolorum est sit.",https://images.unsplash.com/photo-1548957318-e769d68f2ce7?crop=entropy&cs=tinysrgb&fit=max&fm=jpg&ixid=M3w0Nzg2OTN8MHwxfHJhbmRvbXx8fHx8fHx8fDE2OTA5OTcyMjR8&ixlib=rb-4.0.3&q=80&w=1080,Remington_Hagenes24,2
2,2023-08-01 21:28:03.943+00,Hic a libero harum dolorem perferendis vel dolores ut accusamus.,"Ut animi molestiae dolore. Sint ea impedit consectetur maiores. Dignissimos exercitationem illo et doloremque error. Odit et sed tenetur. Quisquam ut ut mollitia temporibus eligendi dolorem quidem modi maiores. Eum a consequatur vel quaerat ea.
 Consequatur voluptatem doloremque adipisci. Enim sit reiciendis consequatur officiis dolore dolorem est delectus. Accusantium a reiciendis nostrum qui nulla occaecati totam est. Officia delectus voluptatem quis iusto voluptatem eum.
 Accusantium soluta quos fuga nulla soluta. Repellendus fugit sit aut voluptatem iste earum debitis aliquam. Est aliquam quis. Voluptas quis minus magni. Dicta cumque est aliquid autem aut repellat molestiae. Quia maxime ipsa consequatur qui nostrum ipsa consequuntur sit ut.",https://images.unsplash.com/photo-1687223739562-ad9bc5f876fc?crop=entropy&cs=tinysrgb&fit=max&fm=jpg&ixid=M3w0Nzg2OTN8MHwxfHJhbmRvbXx8fHx8fHx8fDE2OTA5OTcyMjR8&ixlib=rb-4.0.3&q=80&w=1080,Ethyl60,4
3,2023-08-01 17:44:33.392+00,Eum autem fugit corrupti quos in.,"Distinctio omnis in provident ad enim et sed provident. Ut quo incidunt deserunt rerum quam voluptatem repellendus. Quibusdam animi sed consequatur fuga aspernatur totam aut esse. Ea ducimus consequatur enim eos maiores necessitatibus velit asperiores.
 Laudantium voluptatibus dolorem aut labore ducimus ab at. Aut ut eligendi voluptates rerum autem ipsa illum voluptates. Dolorem praesentium libero.
 Pariatur et inventore quia unde. Corporis molestias et voluptatibus quo itaque consequatur dolor et. Ad iure voluptas nobis nemo ut tenetur corporis sint aliquid. Ratione voluptatem sequi autem nam perspiciatis quia voluptatem eligendi. Deserunt incidunt voluptatem eos quos sint rerum deleniti qui.",https://images.unsplash.com/photo-1687681865547-c78cfe2996d8?crop=entropy&cs=tinysrgb&fit=max&fm=jpg&ixid=M3w0Nzg2OTN8MHwxfHJhbmRvbXx8fHx8fHx8fDE2OTA5OTcyMjR8&ixlib=rb-4.0.3&q=80&w=1080,Kasandra60,5
4,2023-08-02 00:56:41.160+00,Itaque est quam impedit nulla.,"Incidunt aliquam asperiores consectetur sint tempora repudiandae sit odio. Veritatis numquam quia qui nihil eum perferendis dolores iure magnam. Eos voluptatum magnam ut nulla tempora quis qui autem. Sed saepe quis quis dolor aliquam. Nihil non reiciendis sint sit ex numquam quo consectetur mollitia. Libero labore ut.
 Sunt delectus et asperiores. Quis magni placeat est. Eveniet laboriosam voluptatum doloribus in omnis doloribus. Rerum repellendus harum ut.
 Libero quidem iusto quia non. Est ut quo et sunt modi. Nesciunt reprehenderit mollitia. Voluptas ut possimus nisi dolor.",https://images.unsplash.com/photo-1688310891322-5c8a3d921872?crop=entropy&cs=tinysrgb&fit=max&fm=jpg&ixid=M3w0Nzg2OTN8MHwxfHJhbmRvbXx8fHx8fHx8fDE2OTA5OTcyMjR8&ixlib=rb-4.0.3&q=80&w=1080,Alexandrine.Lowe,3
5,2023-08-02 09:30:45.602+00,Dolorem voluptatum quam omnis fugit deserunt.,"Non officia repellendus. Quia nesciunt illo magni. Vitae hic aliquam velit eos illo. Voluptatem et sit sit fugiat porro dolor accusantium qui. Quae sit ea dolorem error qui asperiores.
 Eum quia architecto quia. Sapiente repellendus delectus sequi ut et. Quae nesciunt dolores rerum ratione. Molestias omnis et non tempora vitae. Maxime velit reiciendis dicta. Eum mollitia saepe.
 Unde non autem. Est a dignissimos dicta sint deserunt. Atque cumque rerum harum similique nihil voluptas. Molestias et labore qui nam architecto quae vero iusto neque. Quo molestias dolor expedita. Sint aut est non perferendis molestiae ipsum.",https://images.unsplash.com/photo-1688371945859-700d6a3cd02d?crop=entropy&cs=tinysrgb&fit=max&fm=jpg&ixid=M3w0Nzg2OTN8MHwxfHJhbmRvbXx8fHx8fHx8fDE2OTA5OTcyMjR8&ixlib=rb-4.0.3&q=80&w=1080,Odie.Dickinson98,4
6,2023-08-02 03:00:18.711+00,Quis consequatur et quo minima aut et soluta eos.,"Aut non sed nobis esse quos dolor voluptatem esse ab. Dolor veritatis quia illum ex sit quisquam. Qui itaque est quia soluta earum sit tenetur expedita. Rerum sint molestiae rem quasi repellat et odio qui. Aperiam et aliquam iure ut.
 At illo voluptatem repudiandae. Itaque et asperiores asperiores. Iusto maiores similique dolor dolorem. Voluptatem odit et iure eum rem provident unde porro. Et quia et ut ipsa ea. Doloremque id quam eos aut corporis sequi alias voluptas.
 Cupiditate laboriosam ut assumenda sed voluptatum et quibusdam recusandae quia. Provident et et nostrum aut similique. Voluptatum molestias quisquam. Consequatur quibusdam modi veritatis. Beatae perferendis consectetur deleniti facere.",https://images.unsplash.com/photo-1688744658744-4653067fc459?crop=entropy&cs=tinysrgb&fit=max&fm=jpg&ixid=M3w0Nzg2OTN8MHwxfHJhbmRvbXx8fHx8fHx8fDE2OTA5OTcyMjR8&ixlib=rb-4.0.3&q=80&w=1080,Yazmin24,5
7,2023-08-01 17:44:18.437+00,Iste laborum unde hic quia.,"Voluptatibus libero aut non tempora velit amet aut aut. Repudiandae quaerat consequatur iste ducimus culpa sunt. Tenetur ut aspernatur. Iste qui quis molestiae vero dolorem voluptate. Ut excepturi sint optio sapiente assumenda qui. Hic sint est cupiditate quod nostrum.
 Ut accusamus voluptate dolorem vel esse nam quaerat qui. Corrupti et qui cumque et ut corrupti. Quos ut temporibus. Quibusdam eos repellat quasi nemo quia non hic. Earum velit aut repellendus error qui numquam quis quidem. Harum exercitationem occaecati repellendus ut.
 Consequatur ut quam in velit. Ab debitis dolores dolor explicabo sit harum nesciunt dolore mollitia. Maxime quibusdam qui quia ullam ipsam enim.",https://images.unsplash.com/photo-1688889716860-c9b94cc3db63?crop=entropy&cs=tinysrgb&fit=max&fm=jpg&ixid=M3w0Nzg2OTN8MHwxfHJhbmRvbXx8fHx8fHx8fDE2OTA5OTcyMjR8&ixlib=rb-4.0.3&q=80&w=1080,Elsie.Howell40,6
8,2023-08-02 10:32:02.633+00,Dolor cumque nostrum quas debitis nemo unde labore sint qui.,"Asperiores et ratione. Unde velit optio nesciunt accusamus officia perspiciatis. Rem molestiae provident consequatur fuga atque corporis voluptas. Aut saepe dicta. Harum sunt excepturi.
 Placeat facilis ut vitae deleniti. Id non magnam vel. Dicta tempora dolores quis corrupti est dolore accusamus sequi. In voluptatem aperiam sequi. Magnam et illo aspernatur quis voluptates consectetur. Fuga quidem voluptas unde et qui itaque consectetur corporis.
 Natus sequi est ut sed maiores asperiores. Dignissimos quas tenetur perspiciatis exercitationem odit dolorem aperiam nulla. Modi est non eos. Dolorum libero dolorum qui fuga. Dolor et reiciendis maiores est nulla rerum.",https://images.unsplash.com/photo-1688890239634-86a95e80c3ed?crop=entropy&cs=tinysrgb&fit=max&fm=jpg&ixid=M3w0Nzg2OTN8MHwxfHJhbmRvbXx8fHx8fHx8fDE2OTA5OTcyMjR8&ixlib=rb-4.0.3&q=80&w=1080,Elyssa1,3
9,2023-08-02 13:01:54.723+00,Soluta et est voluptatem et.,"Perferendis impedit voluptatem error nisi numquam. Vel laboriosam quia veritatis ipsum. Sapiente repudiandae nemo sint. Et incidunt soluta ullam rem pariatur qui ut eum. Sint eligendi animi ut voluptates minus iusto architecto.
 Et laudantium asperiores cumque repudiandae rerum deleniti ipsum. Dolores non in occaecati qui sit hic. Occaecati necessitatibus voluptatum. Esse rerum et voluptates reprehenderit incidunt. Dignissimos voluptas sint quia occaecati quae deleniti.
 Et eos neque at quod praesentium. Reiciendis laboriosam mollitia voluptas fugit velit praesentium est eaque. Est incidunt dicta reiciendis aut excepturi et.",https://images.unsplash.com/photo-1689027176284-fe1ab3434e9d?crop=entropy&cs=tinysrgb&fit=max&fm=jpg&ixid=M3w0Nzg2OTN8MHwxfHJhbmRvbXx8fHx8fHx8fDE2OTA5OTcyMjR8&ixlib=rb-4.0.3&q=80&w=1080,Pink_Mosciski,6
10,2023-08-02 15:11:01.872+00,Voluptas perferendis molestias accusamus ab atque.,"Eligendi quibusdam laudantium doloremque beatae. Ut voluptas et molestiae explicabo. Provident et nihil odit aut aliquid.
 Aperiam quasi modi nihil veniam accusantium consequatur autem deleniti. Quis id impedit possimus est. Provident et repellat beatae debitis distinctio aut nam est laborum. Aliquid molestiae rerum vel rerum repellendus recusandae illo. Aperiam ut dignissimos laboriosam.
 Quo laboriosam quibusdam odit ea eos magni repellat molestiae. Quisquam enim recusandae quidem fuga debitis repellat voluptates. Sit est dolorem autem id repudiandae veritatis vel. Repellat natus sunt facere laborum a molestiae ex alias. Voluptatum minus sit ea ex. Aliquid eius ea molestiae.",https://images.unsplash.com/photo-1689132248657-fc463108928f?crop=entropy&cs=tinysrgb&fit=max&fm=jpg&ixid=M3w0Nzg2OTN8MHwxfHJhbmRvbXx8fHx8fHx8fDE2OTA5OTcyMjR8&ixlib=rb-4.0.3&q=80&w=1080,Breanna_Erdman77,6
11,2023-08-02 03:50:07.210+00,Velit esse quod ipsum et odit.,"Iure cumque qui tenetur voluptatem laborum iste modi. Harum adipisci magni. Quasi nobis iusto molestias fuga eos vitae eligendi sint. Quia accusamus aperiam similique sit est a. Dolorum cumque blanditiis consequatur reprehenderit incidunt qui molestiae. Voluptatem eum a cum quisquam officiis et quisquam.
 Unde aut nemo quia dignissimos ducimus adipisci voluptas tenetur. Explicabo aut et autem unde et qui. Repudiandae eveniet ipsum itaque ex ea architecto. Voluptatum iure cum pariatur veniam. Facilis amet aliquam deleniti nobis. Molestiae autem voluptas quis temporibus et dolorum.
 Ullam veniam eaque earum dolorem. Amet at eveniet pariatur. Eveniet aperiam est sint repellendus magnam molestias libero dolorem. Iure repellendus quas deleniti ut deleniti voluptas cum culpa alias. Nostrum voluptatem sunt exercitationem in beatae autem excepturi et aut. Sapiente cupiditate laboriosam quas officia voluptatem aut possimus.",https://images.unsplash.com/photo-1689192727554-f8d6165f8ed9?crop=entropy&cs=tinysrgb&fit=max&fm=jpg&ixid=M3w0Nzg2OTN8MHwxfHJhbmRvbXx8fHx8fHx8fDE2OTA5OTcyMjR8&ixlib=rb-4.0.3&q=80&w=1080,Kevon_Sawayn,5
12,2023-08-01 20:14:13.490+00,Magni quisquam nemo temporibus optio non.,"Commodi ea in autem hic sapiente. Est ut quas velit in neque porro rem aut dolores. Et cupiditate dolor ab dicta provident nostrum. Est enim necessitatibus praesentium voluptatem vel doloremque id explicabo. Culpa hic et voluptas earum accusantium. Voluptate necessitatibus voluptatem aut et laudantium nulla.
 Et dolores consequatur ipsum. Fugit facilis est cupiditate voluptas perspiciatis est. Facere voluptas ex quia. Sapiente est pariatur. Vel id cum ut asperiores. Libero non est explicabo at nesciunt blanditiis quia ut.
 Non in exercitationem id ad praesentium nihil. Reprehenderit sunt ex laborum. At pariatur est quibusdam minima voluptas neque autem illum. Officia illum autem odio ut vero modi. Aut provident ullam reprehenderit accusamus qui aspernatur. Qui quia quo esse quam molestiae sequi autem repudiandae.",https://images.unsplash.com/photo-1689363186309-ad42a668519a?crop=entropy&cs=tinysrgb&fit=max&fm=jpg&ixid=M3w0Nzg2OTN8MHwxfHJhbmRvbXx8fHx8fHx8fDE2OTA5OTcyMjR8&ixlib=rb-4.0.3&q=80&w=1080,Chadd35,2
13,2023-08-02 01:04:45.790+00,Sunt asperiores officiis.,"Velit laborum quis ea est commodi cumque. Perferendis consequatur sint quae atque. Hic aut sed ab et amet eveniet dolorum necessitatibus voluptates. Quasi ut voluptate. Laborum iure voluptate atque.
 Quisquam vitae minima vel excepturi quae. Sit optio autem necessitatibus. Quae odit officiis dicta aut sit cupiditate aut molestiae.
 Perferendis recusandae mollitia. Inventore ea odio necessitatibus quod accusamus molestiae mollitia voluptatum. Earum corrupti voluptatem nisi. Non officia ullam odit.",https://images.unsplash.com/photo-1689605542182-b8381201b969?crop=entropy&cs=tinysrgb&fit=max&fm=jpg&ixid=M3w0Nzg2OTN8MHwxfHJhbmRvbXx8fHx8fHx8fDE2OTA5OTcyMjR8&ixlib=rb-4.0.3&q=80&w=1080,Bernard_Krajcik69,5
14,2023-08-02 08:18:02.854+00,Voluptas quo eveniet.,"Veritatis dicta et et non. Dolorem ut adipisci dolor repellat illum minima vero. Accusamus omnis soluta qui deleniti corporis et labore veniam.
 Voluptates cum libero at quos ab tenetur quibusdam eaque fugit. Enim sunt fugit autem nisi doloremque qui repellat sit itaque. In iste ipsum inventore laborum. Labore id eius maxime quia. Repudiandae doloribus delectus architecto possimus enim ratione.
 Amet eaque iure aut autem et. Et dolorum repellat. Placeat non natus tempora similique fuga ut minima mollitia. Corrupti distinctio consequatur ad exercitationem qui. Libero tenetur veritatis itaque totam nihil tenetur ipsam id.",https://images.unsplash.com/photo-1689613303199-90769f975895?crop=entropy&cs=tinysrgb&fit=max&fm=jpg&ixid=M3w0Nzg2OTN8MHwxfHJhbmRvbXx8fHx8fHx8fDE2OTA5OTcyMjR8&ixlib=rb-4.0.3&q=80&w=1080,Twila.Fay12,2
15,2023-08-02 02:30:19.350+00,Itaque magnam et.,"Eum vel eius a alias impedit. Eum impedit corporis porro et. Odio nostrum blanditiis mollitia expedita culpa aut libero repellendus velit. Soluta saepe perferendis modi earum modi consequatur architecto non occaecati.
 Qui aut qui quis est voluptas. Voluptas corporis ullam sed delectus et. Eius saepe itaque consequatur occaecati consectetur dolores. Et nesciunt quis et. Adipisci velit expedita aut omnis reprehenderit saepe. Iusto placeat occaecati est ut aut.
 Doloremque et est sed. Ut quae accusantium reiciendis. Ducimus quis distinctio suscipit autem sunt molestias. Ut consequatur reprehenderit quis hic quia quis. Assumenda molestiae fugiat voluptas vitae.",https://images.unsplash.com/photo-1689615056022-8031c6e2a5b1?crop=entropy&cs=tinysrgb&fit=max&fm=jpg&ixid=M3w0Nzg2OTN8MHwxfHJhbmRvbXx8fHx8fHx8fDE2OTA5OTcyMjR8&ixlib=rb-4.0.3&q=80&w=1080,Ron_Friesen85,5
16,2023-08-02 09:35:45.396+00,Est cum sint ipsa necessitatibus.,"Sit at praesentium vitae aut earum nesciunt vitae. Minima necessitatibus nihil veritatis voluptatum autem ut aut. Fuga exercitationem neque incidunt aut assumenda et qui provident et. Aut nobis doloremque fugiat aut nam debitis. Ut illum excepturi dolor ducimus velit dolorem vel. Voluptas laboriosam nihil beatae accusantium non totam non nobis optio.
 Rerum assumenda dolor velit sed sit labore possimus ipsa. Ut ipsum ut non. Aspernatur eum ad veniam.
 Quam magnam sunt recusandae repellendus quae ut fugit ut. Molestias cumque itaque qui illum quaerat a porro nihil fugiat. Qui reiciendis rerum assumenda. Sed tempore et.",https://images.unsplash.com/photo-1689664945319-176390f2a617?crop=entropy&cs=tinysrgb&fit=max&fm=jpg&ixid=M3w0Nzg2OTN8MHwxfHJhbmRvbXx8fHx8fHx8fDE2OTA5OTcyMjR8&ixlib=rb-4.0.3&q=80&w=1080,Jaunita_Bradtke,2
17,2023-08-01 18:41:51.935+00,Qui vel qui iusto quas modi et et quo velit.,"Odio aut beatae eos. Hic eum eos. Distinctio optio autem explicabo dicta neque sed. Asperiores ducimus reprehenderit. Fuga vel sunt ipsa architecto suscipit vero.
 Et voluptas laborum maxime placeat aut aut. Soluta dolores expedita magni. Eum provident nostrum et tenetur quod repellendus eveniet.
 Laborum neque sit reiciendis quos. Consectetur neque sed facilis aperiam nisi ab quam officiis. Est possimus unde sequi corrupti qui temporibus cumque non consequatur. Neque repudiandae quod dignissimos inventore dolorem. Et occaecati eius aut eum quisquam sint ut eaque odit. Sint ea quos ad ipsa.",https://images.unsplash.com/photo-1690051422121-b9f3b69ad72a?crop=entropy&cs=tinysrgb&fit=max&fm=jpg&ixid=M3w0Nzg2OTN8MHwxfHJhbmRvbXx8fHx8fHx8fDE2OTA5OTcyMjR8&ixlib=rb-4.0.3&q=80&w=1080,Arnold72,1
18,2023-08-02 14:13:49.907+00,Id quaerat repellat dolore eligendi.,"Ea omnis et dolorem molestiae exercitationem provident sequi fugiat. Corrupti corrupti et consectetur ut consectetur ipsa ad. Dolor maxime deserunt occaecati.
 Quaerat blanditiis aut consequatur necessitatibus. Adipisci sapiente eum ipsam eos deserunt nisi. Aut voluptas recusandae. Expedita nam ipsa temporibus maxime. Ex dolores dicta occaecati et.
 Corporis ducimus quod rerum laboriosam dolores atque officiis voluptatem. Neque facere et eos dolores quo aliquid exercitationem aut. Animi adipisci velit optio non. Eaque quis ipsam quis. Sunt impedit praesentium quibusdam iusto.",https://images.unsplash.com/photo-1690151711465-2bfe4e69f241?crop=entropy&cs=tinysrgb&fit=max&fm=jpg&ixid=M3w0Nzg2OTN8MHwxfHJhbmRvbXx8fHx8fHx8fDE2OTA5OTcyMjR8&ixlib=rb-4.0.3&q=80&w=1080,Antonio_Veum,5
19,2023-08-02 13:28:05.448+00,Vel aut magnam rerum nihil eius repellat unde.,"Corrupti ea deleniti. Atque consequuntur assumenda quam repudiandae ullam iure deserunt. Perspiciatis officia quisquam neque ad nostrum. Quo ut eum id quia et omnis autem. Fugiat sed quos omnis repellat rerum.
 Amet aliquid magnam et praesentium est sed. Harum ipsa eos rerum non iure omnis quis dolorem. Architecto porro eos blanditiis reprehenderit vel qui sequi. Sed placeat omnis eum et. Fugit quis et voluptatem dolore.
 Error explicabo accusantium cum velit animi sit nisi. Fuga qui fugiat ut officia odit commodi voluptatem. Rerum error aliquid deleniti eius. Dolorem maxime rerum modi aut tempora animi occaecati. Vitae qui mollitia. Laboriosam sunt sed et dolor natus exercitationem unde quo voluptas.",https://images.unsplash.com/photo-1690221129223-e5a996041fec?crop=entropy&cs=tinysrgb&fit=max&fm=jpg&ixid=M3w0Nzg2OTN8MHwxfHJhbmRvbXx8fHx8fHx8fDE2OTA5OTcyMjR8&ixlib=rb-4.0.3&q=80&w=1080,Zion78,1
20,2023-08-02 02:47:21.662+00,Voluptatibus ad doloremque assumenda.,"Quia ducimus corrupti et voluptatum tempora quia ut dolores esse. Numquam qui perspiciatis consectetur. Quia recusandae consectetur laborum. Non cum amet quia cumque dignissimos sapiente.
 Quia nobis mollitia magnam animi qui expedita soluta perspiciatis. Ad omnis eligendi optio voluptas corporis sapiente. In qui accusamus suscipit et.
 Ipsum totam quo numquam blanditiis pariatur veritatis totam a deserunt. Mollitia neque omnis ab architecto dolor et et. Amet voluptas et iusto enim excepturi. Nihil itaque beatae iure unde quia. Qui aperiam ut et odio earum dolor non. Natus et occaecati.",https://images.unsplash.com/photo-1690713826033-6a3c85d403b3?crop=entropy&cs=tinysrgb&fit=max&fm=jpg&ixid=M3w0Nzg2OTN8MHwxfHJhbmRvbXx8fHx8fHx8fDE2OTA5OTcyMjR8&ixlib=rb-4.0.3&q=80&w=1080,Shyann48,6
